{
  "strategy_name": "MStrikeStrategy",
  "exchange": "gateio",
  "stake_currency": "USDT",
  "total_backtests": 5,
  "updated_at": "2025-11-04T16:37:48.826658",
  "median_total_trades": 0.0,
  "median_winning_trades": 0.0,
  "median_losing_trades": 0.0,
  "median_win_rate": 0.0,
  "median_total_profit_pct": 0.0,
  "median_roi": 0.0,
  "median_max_drawdown": 0.0,
  "median_profit_factor": 0.0,
  "median_sharpe_ratio": 0.0,
  "median_sortino_ratio": 0.0,
  "median_calmar_ratio": 0.0,
  "median_expectancy": 0.0,
  "median_cagr": 0.0,
  "median_avg_profit": 0.0,
  "median_buys": 0.0,
  "median_rejected_signals": 0.0,
  "backtest_win_percentage": 0.0,
  "ninja_score": -66.66666666666674,
  "has_lookahead_bias": false,
  "lookahead_issues": [],
  "has_tight_trailing_stop": false,
  "leverage": 1,
  "strategy_hash": "74123abbce6e903f0b0ba7f3ee82dee34376bb42cc69ba7eb6974060130b5b87",
  "is_stalled": true,
  "stall_reason": "no_trades",
  "is_active": false,
  "all_backtests": [
    {
      "strategy_name": "MStrikeStrategy",
      "total_trades": 0,
      "winning_trades": 0,
      "losing_trades": 0,
      "win_rate": 0.0,
      "total_profit_pct": 0.0,
      "roi": 0.0,
      "max_drawdown": 0.0,
      "profit_factor": 0.0,
      "sharpe_ratio": 0.0,
      "sortino_ratio": 0.0,
      "calmar_ratio": 0.0,
      "expectancy": 0.0,
      "cagr": 0.0,
      "avg_profit": 0.0,
      "buys": 0,
      "rejected_signals": 0,
      "leverage": 1
    },
    {
      "strategy_name": "MStrikeStrategy",
      "total_trades": 0,
      "winning_trades": 0,
      "losing_trades": 0,
      "win_rate": 0.0,
      "total_profit_pct": 0.0,
      "roi": 0.0,
      "max_drawdown": 0.0,
      "profit_factor": 0.0,
      "sharpe_ratio": 0.0,
      "sortino_ratio": 0.0,
      "calmar_ratio": 0.0,
      "expectancy": 0.0,
      "cagr": 0.0,
      "avg_profit": 0.0,
      "buys": 0,
      "rejected_signals": 0,
      "leverage": 1
    },
    {
      "strategy_name": "MStrikeStrategy",
      "total_trades": 0,
      "winning_trades": 0,
      "losing_trades": 0,
      "win_rate": 0.0,
      "total_profit_pct": 0.0,
      "roi": 0.0,
      "max_drawdown": 0.0,
      "profit_factor": 0.0,
      "sharpe_ratio": 0.0,
      "sortino_ratio": 0.0,
      "calmar_ratio": 0.0,
      "expectancy": 0.0,
      "cagr": 0.0,
      "avg_profit": 0.0,
      "buys": 0,
      "rejected_signals": 0,
      "leverage": 1
    },
    {
      "strategy_name": "MStrikeStrategy",
      "total_trades": 0,
      "winning_trades": 0,
      "losing_trades": 0,
      "win_rate": 0.0,
      "total_profit_pct": 0.0,
      "roi": 0.0,
      "max_drawdown": 0.0,
      "profit_factor": 0.0,
      "sharpe_ratio": 0.0,
      "sortino_ratio": 0.0,
      "calmar_ratio": 0.0,
      "expectancy": 0.0,
      "cagr": 0.0,
      "avg_profit": 0.0,
      "buys": 0,
      "rejected_signals": 0,
      "leverage": 1
    },
    {
      "strategy_name": "MStrikeStrategy",
      "total_trades": 0,
      "winning_trades": 0,
      "losing_trades": 0,
      "win_rate": 0.0,
      "total_profit_pct": 0.0,
      "roi": 0.0,
      "max_drawdown": 0.0,
      "profit_factor": 0.0,
      "sharpe_ratio": 0.0,
      "sortino_ratio": 0.0,
      "calmar_ratio": 0.0,
      "expectancy": 0.0,
      "cagr": 0.0,
      "avg_profit": 0.0,
      "buys": 0,
      "rejected_signals": 0,
      "leverage": 1
    }
  ]
}