{
  "strategy_name": "TestStrategy",
  "exchange": "gateio",
  "stake_currency": "USDT",
  "total_backtests": 1,
  "updated_at": "2025-11-04T16:37:48.828457",
  "median_total_trades": 36.0,
  "median_winning_trades": 16.0,
  "median_losing_trades": 20.0,
  "median_win_rate": 44.44444444444444,
  "median_total_profit_pct": 0.0,
  "median_roi": 0.0,
  "median_max_drawdown": 0.0,
  "median_profit_factor": 0.31423335407010644,
  "median_sharpe_ratio": 0.0,
  "median_sortino_ratio": 0.0,
  "median_calmar_ratio": 0.0,
  "median_expectancy": -2.0920383675,
  "median_cagr": -0.6267492752949166,
  "median_avg_profit": 0.0,
  "median_buys": 36.0,
  "median_rejected_signals": 0.0,
  "backtest_win_percentage": 0.0,
  "ninja_score": 684.783675230653,
  "has_lookahead_bias": false,
  "lookahead_issues": [],
  "has_tight_trailing_stop": false,
  "leverage": 1,
  "strategy_hash": "0f7e3e5368b6c81fe0fa3e0dd045feb50b8bc08b0eb899da8ea13d650f8586c2",
  "is_stalled": false,
  "stall_reason": null,
  "is_active": true,
  "all_backtests": [
    {
      "strategy_name": "TestStrategy",
      "total_trades": 36,
      "winning_trades": 16,
      "losing_trades": 20,
      "win_rate": 44.44444444444444,
      "total_profit_pct": 0.0,
      "roi": 0.0,
      "max_drawdown": 0.0,
      "profit_factor": 0.31423335407010644,
      "sharpe_ratio": 0.0,
      "sortino_ratio": 0.0,
      "calmar_ratio": 0.0,
      "expectancy": -2.0920383675,
      "cagr": -0.6267492752949166,
      "avg_profit": 0.0,
      "buys": 36,
      "rejected_signals": 0,
      "leverage": 1
    }
  ]
}